filename,target
train_1_19.jpg,0
train_1_21.jpg,0
train_1_25.jpg,0
train_2_26.jpg,0
train_2_27.jpg,0
train_2_28.jpg,0
train_3_10.jpg,0
train_3_13.jpg,0
train_3_22.jpg,0
train_3_28.jpg,0
train_4_21.jpg,0
train_4_27.jpg,0
train_4_28.jpg,0
train_5_16.jpg,0
train_5_25.jpg,0
train_6_26.jpg,0
train_6_27.jpg,0
train_7_24.jpg,0
train_7_25.jpg,0
train_7_26.jpg,0
train_8_20.jpg,0
train_8_21.jpg,0
train_8_23.jpg,0
train_9_14.jpg,0
train_9_27.jpg,0
train_9_28.jpg,0
train_10_7.jpg,0
train_10_24.jpg,0
train_10_28.jpg,0
train_11_23.jpg,0
train_11_24.jpg,0
train_11_26.jpg,0
train_12_23.jpg,0
train_12_25.jpg,0
train_12_28.jpg,0
train_13_9.jpg,0
train_13_26.jpg,0
train_13_28.jpg,0
train_14_10.jpg,0
train_14_25.jpg,0
train_14_28.jpg,0
train_20_51.jpg,0
train_20_58.jpg,0
train_21_44.jpg,0
train_21_59.jpg,0
train_22_12.jpg,0
train_22_60.jpg,0
train_23_48.jpg,0
train_23_60.jpg,0
train_29_25.jpg,0
train_31_31.jpg,0
train_31_32.jpg,0
train_31_37.jpg,0
train_32_15.jpg,0
train_32_36.jpg,0
train_32_37.jpg,0
train_33_21.jpg,0
train_33_33.jpg,0
train_33_36.jpg,0
train_34_4.jpg,0
train_34_17.jpg,0
train_34_18.jpg,0
train_35_30.jpg,0
train_35_33.jpg,0
train_36_23.jpg,0
train_36_34.jpg,0
train_37_30.jpg,0
train_38_0.jpg,0
train_38_32.jpg,0
train_38_33.jpg,0
train_38_34.jpg,0
train_39_4.jpg,0
train_39_16.jpg,0
train_39_35.jpg,0
train_40_4.jpg,0
train_40_30.jpg,0
train_40_37.jpg,0
train_1_17.jpg,1
train_2_12.jpg,1
train_3_21.jpg,1
train_4_26.jpg,1
train_5_23.jpg,1
train_6_16.jpg,1
train_7_10.jpg,1
train_8_19.jpg,1
train_9_7.jpg,1
train_10_27.jpg,1
train_11_3.jpg,1
train_12_20.jpg,1
train_13_17.jpg,1
train_14_4.jpg,1
train_29_16.jpg,1
train_30_19.jpg,1
train_31_34.jpg,1
train_32_20.jpg,1
train_33_37.jpg,1
train_34_22.jpg,1
train_35_35.jpg,1
train_38_30.jpg,1
train_39_19.jpg,1
train_39_31.jpg,1
train_40_22.jpg,1
train_1_0.jpg,2
train_1_1.jpg,2
train_1_5.jpg,2
train_1_7.jpg,2
train_1_10.jpg,2
train_1_12.jpg,2
train_1_15.jpg,2
train_1_20.jpg,2
train_1_23.jpg,2
train_2_0.jpg,2
train_2_2.jpg,2
train_2_4.jpg,2
train_2_14.jpg,2
train_2_16.jpg,2
train_2_20.jpg,2
train_2_21.jpg,2
train_2_23.jpg,2
train_2_24.jpg,2
train_3_0.jpg,2
train_3_2.jpg,2
train_3_5.jpg,2
train_3_6.jpg,2
train_3_7.jpg,2
train_3_11.jpg,2
train_3_15.jpg,2
train_3_27.jpg,2
train_4_3.jpg,2
train_4_8.jpg,2
train_4_9.jpg,2
train_4_10.jpg,2
train_4_15.jpg,2
train_4_17.jpg,2
train_4_18.jpg,2
train_4_20.jpg,2
train_4_23.jpg,2
train_5_1.jpg,2
train_5_6.jpg,2
train_5_8.jpg,2
train_5_9.jpg,2
train_5_12.jpg,2
train_5_15.jpg,2
train_5_21.jpg,2
train_5_24.jpg,2
train_5_26.jpg,2
train_6_2.jpg,2
train_6_4.jpg,2
train_6_7.jpg,2
train_6_10.jpg,2
train_6_11.jpg,2
train_6_17.jpg,2
train_6_19.jpg,2
train_6_22.jpg,2
train_6_25.jpg,2
train_7_0.jpg,2
train_7_5.jpg,2
train_7_8.jpg,2
train_7_12.jpg,2
train_7_14.jpg,2
train_7_17.jpg,2
train_7_18.jpg,2
train_7_19.jpg,2
train_7_22.jpg,2
train_8_5.jpg,2
train_8_9.jpg,2
train_8_10.jpg,2
train_8_12.jpg,2
train_8_13.jpg,2
train_8_16.jpg,2
train_8_22.jpg,2
train_8_24.jpg,2
train_8_28.jpg,2
train_9_3.jpg,2
train_9_6.jpg,2
train_9_12.jpg,2
train_9_13.jpg,2
train_9_18.jpg,2
train_9_19.jpg,2
train_9_21.jpg,2
train_9_23.jpg,2
train_9_25.jpg,2
train_10_3.jpg,2
train_10_4.jpg,2
train_10_6.jpg,2
train_10_9.jpg,2
train_10_10.jpg,2
train_10_11.jpg,2
train_10_13.jpg,2
train_10_19.jpg,2
train_10_25.jpg,2
train_11_2.jpg,2
train_11_4.jpg,2
train_11_5.jpg,2
train_11_8.jpg,2
train_11_12.jpg,2
train_11_13.jpg,2
train_11_16.jpg,2
train_11_17.jpg,2
train_11_18.jpg,2
train_12_0.jpg,2
train_12_1.jpg,2
train_12_5.jpg,2
train_12_11.jpg,2
train_12_13.jpg,2
train_12_14.jpg,2
train_12_15.jpg,2
train_12_17.jpg,2
train_12_22.jpg,2
train_13_3.jpg,2
train_13_4.jpg,2
train_13_6.jpg,2
train_13_7.jpg,2
train_13_8.jpg,2
train_13_11.jpg,2
train_13_16.jpg,2
train_13_22.jpg,2
train_13_25.jpg,2
train_14_0.jpg,2
train_14_1.jpg,2
train_14_8.jpg,2
train_14_14.jpg,2
train_14_18.jpg,2
train_14_19.jpg,2
train_14_20.jpg,2
train_14_21.jpg,2
train_14_26.jpg,2
train_15_0.jpg,2
train_16_13.jpg,2
train_17_4.jpg,2
train_18_4.jpg,2
train_19_12.jpg,2
train_20_0.jpg,2
train_20_3.jpg,2
train_20_5.jpg,2
train_20_6.jpg,2
train_20_11.jpg,2
train_20_17.jpg,2
train_20_24.jpg,2
train_20_25.jpg,2
train_20_29.jpg,2
train_20_45.jpg,2
train_20_52.jpg,2
train_20_53.jpg,2
train_21_9.jpg,2
train_21_10.jpg,2
train_21_12.jpg,2
train_21_16.jpg,2
train_21_20.jpg,2
train_21_22.jpg,2
train_21_26.jpg,2
train_21_32.jpg,2
train_21_38.jpg,2
train_21_42.jpg,2
train_21_52.jpg,2
train_22_3.jpg,2
train_22_5.jpg,2
train_22_13.jpg,2
train_22_18.jpg,2
train_22_19.jpg,2
train_22_24.jpg,2
train_22_25.jpg,2
train_22_31.jpg,2
train_22_34.jpg,2
train_22_38.jpg,2
train_22_41.jpg,2
train_22_50.jpg,2
train_23_1.jpg,2
train_23_4.jpg,2
train_23_5.jpg,2
train_23_11.jpg,2
train_23_13.jpg,2
train_23_19.jpg,2
train_23_28.jpg,2
train_23_34.jpg,2
train_23_39.jpg,2
train_23_41.jpg,2
train_23_50.jpg,2
train_23_58.jpg,2
train_24_4.jpg,2
train_25_29.jpg,2
train_26_11.jpg,2
train_27_9.jpg,2
train_28_4.jpg,2
train_29_9.jpg,2
train_29_17.jpg,2
train_29_20.jpg,2
train_29_21.jpg,2
train_29_23.jpg,2
train_29_24.jpg,2
train_30_8.jpg,2
train_30_11.jpg,2
train_30_20.jpg,2
train_30_22.jpg,2
train_30_23.jpg,2
train_30_24.jpg,2
train_31_1.jpg,2
train_31_6.jpg,2
train_31_8.jpg,2
train_31_18.jpg,2
train_31_24.jpg,2
train_31_25.jpg,2
train_31_29.jpg,2
train_31_35.jpg,2
train_31_36.jpg,2
train_32_0.jpg,2
train_32_1.jpg,2
train_32_13.jpg,2
train_32_14.jpg,2
train_32_19.jpg,2
train_32_22.jpg,2
train_32_24.jpg,2
train_32_27.jpg,2
train_32_35.jpg,2
train_33_1.jpg,2
train_33_2.jpg,2
train_33_4.jpg,2
train_33_10.jpg,2
train_33_23.jpg,2
train_33_24.jpg,2
train_33_25.jpg,2
train_33_28.jpg,2
train_33_35.jpg,2
train_34_0.jpg,2
train_34_3.jpg,2
train_34_12.jpg,2
train_34_15.jpg,2
train_34_27.jpg,2
train_34_33.jpg,2
train_34_34.jpg,2
train_34_35.jpg,2
train_34_36.jpg,2
train_35_5.jpg,2
train_35_7.jpg,2
train_35_8.jpg,2
train_35_13.jpg,2
train_35_14.jpg,2
train_35_16.jpg,2
train_35_20.jpg,2
train_35_24.jpg,2
train_35_26.jpg,2
train_36_6.jpg,2
train_36_12.jpg,2
train_36_13.jpg,2
train_36_14.jpg,2
train_36_15.jpg,2
train_36_17.jpg,2
train_36_29.jpg,2
train_36_32.jpg,2
train_36_35.jpg,2
train_36_36.jpg,2
train_37_7.jpg,2
train_37_9.jpg,2
train_37_10.jpg,2
train_37_18.jpg,2
train_37_19.jpg,2
train_37_23.jpg,2
train_37_25.jpg,2
train_37_27.jpg,2
train_37_29.jpg,2
train_37_33.jpg,2
train_38_3.jpg,2
train_38_8.jpg,2
train_38_13.jpg,2
train_38_17.jpg,2
train_38_19.jpg,2
train_38_24.jpg,2
train_38_26.jpg,2
train_38_27.jpg,2
train_39_0.jpg,2
train_39_11.jpg,2
train_39_15.jpg,2
train_39_20.jpg,2
train_39_23.jpg,2
train_39_27.jpg,2
train_39_29.jpg,2
train_39_33.jpg,2
train_40_1.jpg,2
train_40_2.jpg,2
train_40_11.jpg,2
train_40_12.jpg,2
train_40_14.jpg,2
train_40_18.jpg,2
train_40_24.jpg,2
train_40_27.jpg,2
train_40_31.jpg,2
train_1_11.jpg,3
train_1_24.jpg,3
train_1_27.jpg,3
train_1_28.jpg,3
train_2_10.jpg,3
train_2_15.jpg,3
train_2_22.jpg,3
train_2_25.jpg,3
train_3_9.jpg,3
train_3_18.jpg,3
train_3_24.jpg,3
train_3_25.jpg,3
train_4_14.jpg,3
train_4_19.jpg,3
train_4_22.jpg,3
train_4_24.jpg,3
train_5_4.jpg,3
train_5_7.jpg,3
train_5_14.jpg,3
train_5_17.jpg,3
train_6_8.jpg,3
train_6_9.jpg,3
train_6_18.jpg,3
train_6_24.jpg,3
train_7_4.jpg,3
train_7_15.jpg,3
train_7_16.jpg,3
train_7_27.jpg,3
train_8_4.jpg,3
train_8_8.jpg,3
train_8_18.jpg,3
train_8_25.jpg,3
train_8_26.jpg,3
train_9_2.jpg,3
train_9_15.jpg,3
train_9_17.jpg,3
train_9_20.jpg,3
train_9_24.jpg,3
train_10_15.jpg,3
train_10_20.jpg,3
train_10_21.jpg,3
train_10_22.jpg,3
train_10_26.jpg,3
train_11_9.jpg,3
train_11_22.jpg,3
train_11_25.jpg,3
train_11_27.jpg,3
train_11_28.jpg,3
train_12_8.jpg,3
train_12_10.jpg,3
train_12_18.jpg,3
train_12_26.jpg,3
train_12_27.jpg,3
train_13_12.jpg,3
train_13_14.jpg,3
train_13_18.jpg,3
train_13_19.jpg,3
train_13_24.jpg,3
train_14_9.jpg,3
train_14_16.jpg,3
train_14_17.jpg,3
train_14_22.jpg,3
train_14_27.jpg,3
train_20_7.jpg,3
train_20_12.jpg,3
train_20_13.jpg,3
train_20_14.jpg,3
train_20_15.jpg,3
train_20_21.jpg,3
train_20_22.jpg,3
train_20_26.jpg,3
train_20_28.jpg,3
train_20_30.jpg,3
train_20_32.jpg,3
train_20_34.jpg,3
train_20_37.jpg,3
train_20_39.jpg,3
train_20_40.jpg,3
train_20_41.jpg,3
train_20_42.jpg,3
train_20_43.jpg,3
train_20_46.jpg,3
train_20_49.jpg,3
train_20_50.jpg,3
train_20_55.jpg,3
train_20_57.jpg,3
train_20_59.jpg,3
train_21_1.jpg,3
train_21_5.jpg,3
train_21_8.jpg,3
train_21_13.jpg,3
train_21_18.jpg,3
train_21_19.jpg,3
train_21_27.jpg,3
train_21_28.jpg,3
train_21_34.jpg,3
train_21_36.jpg,3
train_21_39.jpg,3
train_21_40.jpg,3
train_21_43.jpg,3
train_21_45.jpg,3
train_21_46.jpg,3
train_21_47.jpg,3
train_21_48.jpg,3
train_21_49.jpg,3
train_21_50.jpg,3
train_21_53.jpg,3
train_21_54.jpg,3
train_21_56.jpg,3
train_21_57.jpg,3
train_21_58.jpg,3
train_22_4.jpg,3
train_22_6.jpg,3
train_22_10.jpg,3
train_22_11.jpg,3
train_22_14.jpg,3
train_22_16.jpg,3
train_22_20.jpg,3
train_22_23.jpg,3
train_22_27.jpg,3
train_22_29.jpg,3
train_22_33.jpg,3
train_22_39.jpg,3
train_22_40.jpg,3
train_22_43.jpg,3
train_22_44.jpg,3
train_22_46.jpg,3
train_22_47.jpg,3
train_22_48.jpg,3
train_22_49.jpg,3
train_22_54.jpg,3
train_22_56.jpg,3
train_22_57.jpg,3
train_22_58.jpg,3
train_22_59.jpg,3
train_23_12.jpg,3
train_23_20.jpg,3
train_23_21.jpg,3
train_23_22.jpg,3
train_23_23.jpg,3
train_23_26.jpg,3
train_23_29.jpg,3
train_23_30.jpg,3
train_23_31.jpg,3
train_23_32.jpg,3
train_23_33.jpg,3
train_23_35.jpg,3
train_23_36.jpg,3
train_23_37.jpg,3
train_23_42.jpg,3
train_23_43.jpg,3
train_23_44.jpg,3
train_23_45.jpg,3
train_23_47.jpg,3
train_23_49.jpg,3
train_23_54.jpg,3
train_23_55.jpg,3
train_23_57.jpg,3
train_23_59.jpg,3
train_24_0.jpg,3
train_24_5.jpg,3
train_24_15.jpg,3
train_24_28.jpg,3
train_25_14.jpg,3
train_25_16.jpg,3
train_25_22.jpg,3
train_25_28.jpg,3
train_26_18.jpg,3
train_26_28.jpg,3
train_26_29.jpg,3
train_26_30.jpg,3
train_27_10.jpg,3
train_27_20.jpg,3
train_27_26.jpg,3
train_27_28.jpg,3
train_28_3.jpg,3
train_28_13.jpg,3
train_28_29.jpg,3
train_28_30.jpg,3
train_29_12.jpg,3
train_29_14.jpg,3
train_29_18.jpg,3
train_29_19.jpg,3
train_29_22.jpg,3
train_30_2.jpg,3
train_30_10.jpg,3
train_30_12.jpg,3
train_30_13.jpg,3
train_30_15.jpg,3
train_30_21.jpg,3
train_31_2.jpg,3
train_31_15.jpg,3
train_31_17.jpg,3
train_31_23.jpg,3
train_31_26.jpg,3
train_31_27.jpg,3
train_32_2.jpg,3
train_32_6.jpg,3
train_32_17.jpg,3
train_32_21.jpg,3
train_32_29.jpg,3
train_32_31.jpg,3
train_32_32.jpg,3
train_33_9.jpg,3
train_33_14.jpg,3
train_33_22.jpg,3
train_33_26.jpg,3
train_33_27.jpg,3
train_33_31.jpg,3
train_33_32.jpg,3
train_34_7.jpg,3
train_34_14.jpg,3
train_34_16.jpg,3
train_34_23.jpg,3
train_34_29.jpg,3
train_34_31.jpg,3
train_35_3.jpg,3
train_35_17.jpg,3
train_35_18.jpg,3
train_35_22.jpg,3
train_35_34.jpg,3
train_35_36.jpg,3
train_36_4.jpg,3
train_36_9.jpg,3
train_36_10.jpg,3
train_36_11.jpg,3
train_36_16.jpg,3
train_36_19.jpg,3
train_36_21.jpg,3
train_37_11.jpg,3
train_37_15.jpg,3
train_37_16.jpg,3
train_37_17.jpg,3
train_37_21.jpg,3
train_37_26.jpg,3
train_38_12.jpg,3
train_38_14.jpg,3
train_38_18.jpg,3
train_38_20.jpg,3
train_38_25.jpg,3
train_38_28.jpg,3
train_38_36.jpg,3
train_39_10.jpg,3
train_39_12.jpg,3
train_39_18.jpg,3
train_39_22.jpg,3
train_39_32.jpg,3
train_39_34.jpg,3
train_40_10.jpg,3
train_40_16.jpg,3
train_40_20.jpg,3
train_40_23.jpg,3
train_40_25.jpg,3
train_40_29.jpg,3
train_1_9.jpg,4
train_1_18.jpg,4
train_1_22.jpg,4
train_2_1.jpg,4
train_2_7.jpg,4
train_2_11.jpg,4
train_3_16.jpg,4
train_3_19.jpg,4
train_3_20.jpg,4
train_4_4.jpg,4
train_4_13.jpg,4
train_4_16.jpg,4
train_5_2.jpg,4
train_5_10.jpg,4
train_5_27.jpg,4
train_6_1.jpg,4
train_6_6.jpg,4
train_6_15.jpg,4
train_7_3.jpg,4
train_7_21.jpg,4
train_7_28.jpg,4
train_8_7.jpg,4
train_8_14.jpg,4
train_8_27.jpg,4
train_9_8.jpg,4
train_9_9.jpg,4
train_9_11.jpg,4
train_10_1.jpg,4
train_10_18.jpg,4
train_10_23.jpg,4
train_11_11.jpg,4
train_11_14.jpg,4
train_11_20.jpg,4
train_12_3.jpg,4
train_12_4.jpg,4
train_12_16.jpg,4
train_13_20.jpg,4
train_13_21.jpg,4
train_13_23.jpg,4
train_14_2.jpg,4
train_14_6.jpg,4
train_14_15.jpg,4
train_15_1.jpg,4
train_15_2.jpg,4
train_15_11.jpg,4
train_16_3.jpg,4
train_16_12.jpg,4
train_17_11.jpg,4
train_17_13.jpg,4
train_18_10.jpg,4
train_18_12.jpg,4
train_19_7.jpg,4
train_19_8.jpg,4
train_20_1.jpg,4
train_20_2.jpg,4
train_20_4.jpg,4
train_20_8.jpg,4
train_20_9.jpg,4
train_20_10.jpg,4
train_20_16.jpg,4
train_20_18.jpg,4
train_20_19.jpg,4
train_20_20.jpg,4
train_20_23.jpg,4
train_20_27.jpg,4
train_20_31.jpg,4
train_20_33.jpg,4
train_20_35.jpg,4
train_20_36.jpg,4
train_20_38.jpg,4
train_20_44.jpg,4
train_20_47.jpg,4
train_20_48.jpg,4
train_20_54.jpg,4
train_20_56.jpg,4
train_21_0.jpg,4
train_21_2.jpg,4
train_21_3.jpg,4
train_21_4.jpg,4
train_21_6.jpg,4
train_21_7.jpg,4
train_21_11.jpg,4
train_21_14.jpg,4
train_21_15.jpg,4
train_21_17.jpg,4
train_21_21.jpg,4
train_21_23.jpg,4
train_21_24.jpg,4
train_21_25.jpg,4
train_21_29.jpg,4
train_21_30.jpg,4
train_21_31.jpg,4
train_21_33.jpg,4
train_21_35.jpg,4
train_21_37.jpg,4
train_21_41.jpg,4
train_21_51.jpg,4
train_21_55.jpg,4
train_22_0.jpg,4
train_22_1.jpg,4
train_22_2.jpg,4
train_22_7.jpg,4
train_22_8.jpg,4
train_22_9.jpg,4
train_22_15.jpg,4
train_22_17.jpg,4
train_22_21.jpg,4
train_22_22.jpg,4
train_22_26.jpg,4
train_22_28.jpg,4
train_22_30.jpg,4
train_22_32.jpg,4
train_22_35.jpg,4
train_22_36.jpg,4
train_22_37.jpg,4
train_22_42.jpg,4
train_22_45.jpg,4
train_22_51.jpg,4
train_22_52.jpg,4
train_22_53.jpg,4
train_22_55.jpg,4
train_23_0.jpg,4
train_23_2.jpg,4
train_23_3.jpg,4
train_23_6.jpg,4
train_23_7.jpg,4
train_23_8.jpg,4
train_23_9.jpg,4
train_23_10.jpg,4
train_23_14.jpg,4
train_23_15.jpg,4
train_23_16.jpg,4
train_23_17.jpg,4
train_23_18.jpg,4
train_23_24.jpg,4
train_23_25.jpg,4
train_23_27.jpg,4
train_23_38.jpg,4
train_23_40.jpg,4
train_23_46.jpg,4
train_23_51.jpg,4
train_23_52.jpg,4
train_23_53.jpg,4
train_23_56.jpg,4
train_24_27.jpg,4
train_25_4.jpg,4
train_26_8.jpg,4
train_27_12.jpg,4
train_28_15.jpg,4
train_29_4.jpg,4
train_29_5.jpg,4
train_29_10.jpg,4
train_29_15.jpg,4
train_30_7.jpg,4
train_30_14.jpg,4
train_30_17.jpg,4
train_30_18.jpg,4
train_31_4.jpg,4
train_31_7.jpg,4
train_31_10.jpg,4
train_31_11.jpg,4
train_31_16.jpg,4
train_31_20.jpg,4
train_31_21.jpg,4
train_32_3.jpg,4
train_32_5.jpg,4
train_32_7.jpg,4
train_32_9.jpg,4
train_32_10.jpg,4
train_32_12.jpg,4
train_32_25.jpg,4
train_33_0.jpg,4
train_33_5.jpg,4
train_33_7.jpg,4
train_33_15.jpg,4
train_33_16.jpg,4
train_33_20.jpg,4
train_33_34.jpg,4
train_34_5.jpg,4
train_34_9.jpg,4
train_34_11.jpg,4
train_34_19.jpg,4
train_34_20.jpg,4
train_34_21.jpg,4
train_34_37.jpg,4
train_35_2.jpg,4
train_35_10.jpg,4
train_35_12.jpg,4
train_35_19.jpg,4
train_35_23.jpg,4
train_35_25.jpg,4
train_35_28.jpg,4
train_36_7.jpg,4
train_36_8.jpg,4
train_36_18.jpg,4
train_36_20.jpg,4
train_36_26.jpg,4
train_36_28.jpg,4
train_36_30.jpg,4
train_37_2.jpg,4
train_37_5.jpg,4
train_37_8.jpg,4
train_37_14.jpg,4
train_37_20.jpg,4
train_37_22.jpg,4
train_37_32.jpg,4
train_38_7.jpg,4
train_38_9.jpg,4
train_38_10.jpg,4
train_38_11.jpg,4
train_38_21.jpg,4
train_38_22.jpg,4
train_38_23.jpg,4
train_39_7.jpg,4
train_39_8.jpg,4
train_39_13.jpg,4
train_39_14.jpg,4
train_39_17.jpg,4
train_39_26.jpg,4
train_39_28.jpg,4
train_40_5.jpg,4
train_40_13.jpg,4
train_40_15.jpg,4
train_40_17.jpg,4
train_40_19.jpg,4
train_40_26.jpg,4
train_40_32.jpg,4
train_1_2.jpg,5
train_2_9.jpg,5
train_3_14.jpg,5
train_4_12.jpg,5
train_5_3.jpg,5
train_6_5.jpg,5
train_7_20.jpg,5
train_8_0.jpg,5
train_9_10.jpg,5
train_10_2.jpg,5
train_11_6.jpg,5
train_12_12.jpg,5
train_13_15.jpg,5
train_14_24.jpg,5
train_15_13.jpg,5
train_16_5.jpg,5
train_16_8.jpg,5
train_17_1.jpg,5
train_17_10.jpg,5
train_18_0.jpg,5
train_18_3.jpg,5
train_19_0.jpg,5
train_19_5.jpg,5
train_24_1.jpg,5
train_24_2.jpg,5
train_24_8.jpg,5
train_24_10.jpg,5
train_24_12.jpg,5
train_24_13.jpg,5
train_24_16.jpg,5
train_24_19.jpg,5
train_24_21.jpg,5
train_24_22.jpg,5
train_24_23.jpg,5
train_24_25.jpg,5
train_24_29.jpg,5
train_25_0.jpg,5
train_25_3.jpg,5
train_25_5.jpg,5
train_25_7.jpg,5
train_25_9.jpg,5
train_25_12.jpg,5
train_25_17.jpg,5
train_25_18.jpg,5
train_25_21.jpg,5
train_25_23.jpg,5
train_25_25.jpg,5
train_25_26.jpg,5
train_25_27.jpg,5
train_26_0.jpg,5
train_26_1.jpg,5
train_26_2.jpg,5
train_26_3.jpg,5
train_26_9.jpg,5
train_26_10.jpg,5
train_26_12.jpg,5
train_26_14.jpg,5
train_26_15.jpg,5
train_26_16.jpg,5
train_26_17.jpg,5
train_26_26.jpg,5
train_26_27.jpg,5
train_27_0.jpg,5
train_27_1.jpg,5
train_27_2.jpg,5
train_27_3.jpg,5
train_27_6.jpg,5
train_27_7.jpg,5
train_27_14.jpg,5
train_27_15.jpg,5
train_27_18.jpg,5
train_27_19.jpg,5
train_27_21.jpg,5
train_27_24.jpg,5
train_27_30.jpg,5
train_28_0.jpg,5
train_28_6.jpg,5
train_28_7.jpg,5
train_28_9.jpg,5
train_28_17.jpg,5
train_28_18.jpg,5
train_28_20.jpg,5
train_28_21.jpg,5
train_28_22.jpg,5
train_28_24.jpg,5
train_28_25.jpg,5
train_28_26.jpg,5
train_28_28.jpg,5
train_29_6.jpg,5
train_29_7.jpg,5
train_29_8.jpg,5
train_29_13.jpg,5
train_30_1.jpg,5
train_30_4.jpg,5
train_30_16.jpg,5
train_31_22.jpg,5
train_31_28.jpg,5
train_31_30.jpg,5
train_31_33.jpg,5
train_32_26.jpg,5
train_32_30.jpg,5
train_32_33.jpg,5
train_33_6.jpg,5
train_33_17.jpg,5
train_33_29.jpg,5
train_34_8.jpg,5
train_34_24.jpg,5
train_34_25.jpg,5
train_34_28.jpg,5
train_35_6.jpg,5
train_35_9.jpg,5
train_35_15.jpg,5
train_35_27.jpg,5
train_36_3.jpg,5
train_36_22.jpg,5
train_36_33.jpg,5
train_37_4.jpg,5
train_37_12.jpg,5
train_37_28.jpg,5
train_37_31.jpg,5
train_38_29.jpg,5
train_38_31.jpg,5
train_38_35.jpg,5
train_39_24.jpg,5
train_39_25.jpg,5
train_39_30.jpg,5
train_39_37.jpg,5
train_40_7.jpg,5
train_40_8.jpg,5
train_40_33.jpg,5
train_40_35.jpg,5
train_1_4.jpg,6
train_1_6.jpg,6
train_1_8.jpg,6
train_1_13.jpg,6
train_1_14.jpg,6
train_1_26.jpg,6
train_2_3.jpg,6
train_2_5.jpg,6
train_2_8.jpg,6
train_2_13.jpg,6
train_2_17.jpg,6
train_2_18.jpg,6
train_3_1.jpg,6
train_3_3.jpg,6
train_3_4.jpg,6
train_3_8.jpg,6
train_3_23.jpg,6
train_3_26.jpg,6
train_4_1.jpg,6
train_4_2.jpg,6
train_4_5.jpg,6
train_4_6.jpg,6
train_4_7.jpg,6
train_4_11.jpg,6
train_5_0.jpg,6
train_5_11.jpg,6
train_5_13.jpg,6
train_5_18.jpg,6
train_5_19.jpg,6
train_5_22.jpg,6
train_6_0.jpg,6
train_6_3.jpg,6
train_6_13.jpg,6
train_6_20.jpg,6
train_6_21.jpg,6
train_6_23.jpg,6
train_7_1.jpg,6
train_7_6.jpg,6
train_7_7.jpg,6
train_7_9.jpg,6
train_7_11.jpg,6
train_7_13.jpg,6
train_8_1.jpg,6
train_8_2.jpg,6
train_8_6.jpg,6
train_8_11.jpg,6
train_8_15.jpg,6
train_8_17.jpg,6
train_9_0.jpg,6
train_9_4.jpg,6
train_9_5.jpg,6
train_9_16.jpg,6
train_9_22.jpg,6
train_9_26.jpg,6
train_10_0.jpg,6
train_10_5.jpg,6
train_10_8.jpg,6
train_10_14.jpg,6
train_10_16.jpg,6
train_10_17.jpg,6
train_11_0.jpg,6
train_11_1.jpg,6
train_11_7.jpg,6
train_11_10.jpg,6
train_11_15.jpg,6
train_11_21.jpg,6
train_12_6.jpg,6
train_12_7.jpg,6
train_12_9.jpg,6
train_12_19.jpg,6
train_12_21.jpg,6
train_12_24.jpg,6
train_13_0.jpg,6
train_13_1.jpg,6
train_13_2.jpg,6
train_13_10.jpg,6
train_13_13.jpg,6
train_13_27.jpg,6
train_14_3.jpg,6
train_14_5.jpg,6
train_14_7.jpg,6
train_14_12.jpg,6
train_14_13.jpg,6
train_14_23.jpg,6
train_15_3.jpg,6
train_15_4.jpg,6
train_15_7.jpg,6
train_15_8.jpg,6
train_15_10.jpg,6
train_15_12.jpg,6
train_16_1.jpg,6
train_16_2.jpg,6
train_16_7.jpg,6
train_16_9.jpg,6
train_16_10.jpg,6
train_16_11.jpg,6
train_17_2.jpg,6
train_17_3.jpg,6
train_17_6.jpg,6
train_17_7.jpg,6
train_17_9.jpg,6
train_17_12.jpg,6
train_18_1.jpg,6
train_18_5.jpg,6
train_18_7.jpg,6
train_18_8.jpg,6
train_18_11.jpg,6
train_18_13.jpg,6
train_19_4.jpg,6
train_19_6.jpg,6
train_19_9.jpg,6
train_19_10.jpg,6
train_19_11.jpg,6
train_19_13.jpg,6
train_24_3.jpg,6
train_24_6.jpg,6
train_24_7.jpg,6
train_24_11.jpg,6
train_24_14.jpg,6
train_24_17.jpg,6
train_24_18.jpg,6
train_24_20.jpg,6
train_24_24.jpg,6
train_24_26.jpg,6
train_24_30.jpg,6
train_25_1.jpg,6
train_25_2.jpg,6
train_25_6.jpg,6
train_25_8.jpg,6
train_25_10.jpg,6
train_25_11.jpg,6
train_25_13.jpg,6
train_25_15.jpg,6
train_25_19.jpg,6
train_25_20.jpg,6
train_25_24.jpg,6
train_25_30.jpg,6
train_26_4.jpg,6
train_26_6.jpg,6
train_26_7.jpg,6
train_26_13.jpg,6
train_26_19.jpg,6
train_26_20.jpg,6
train_26_21.jpg,6
train_26_22.jpg,6
train_26_23.jpg,6
train_26_24.jpg,6
train_26_25.jpg,6
train_27_4.jpg,6
train_27_8.jpg,6
train_27_11.jpg,6
train_27_13.jpg,6
train_27_16.jpg,6
train_27_17.jpg,6
train_27_22.jpg,6
train_27_23.jpg,6
train_27_25.jpg,6
train_27_27.jpg,6
train_27_29.jpg,6
train_28_1.jpg,6
train_28_2.jpg,6
train_28_5.jpg,6
train_28_8.jpg,6
train_28_10.jpg,6
train_28_11.jpg,6
train_28_12.jpg,6
train_28_14.jpg,6
train_28_19.jpg,6
train_28_23.jpg,6
train_28_27.jpg,6
train_29_1.jpg,6
train_29_2.jpg,6
train_29_3.jpg,6
train_29_11.jpg,6
train_30_3.jpg,6
train_30_5.jpg,6
train_30_6.jpg,6
train_30_9.jpg,6
train_31_0.jpg,6
train_31_3.jpg,6
train_31_5.jpg,6
train_31_9.jpg,6
train_31_13.jpg,6
train_31_14.jpg,6
train_31_19.jpg,6
train_32_4.jpg,6
train_32_8.jpg,6
train_32_16.jpg,6
train_32_18.jpg,6
train_32_23.jpg,6
train_32_28.jpg,6
train_32_34.jpg,6
train_33_3.jpg,6
train_33_11.jpg,6
train_33_12.jpg,6
train_33_13.jpg,6
train_33_18.jpg,6
train_33_19.jpg,6
train_33_30.jpg,6
train_34_1.jpg,6
train_34_2.jpg,6
train_34_10.jpg,6
train_34_13.jpg,6
train_34_26.jpg,6
train_34_30.jpg,6
train_34_32.jpg,6
train_35_0.jpg,6
train_35_4.jpg,6
train_35_11.jpg,6
train_35_21.jpg,6
train_35_29.jpg,6
train_35_31.jpg,6
train_35_32.jpg,6
train_36_0.jpg,6
train_36_2.jpg,6
train_36_5.jpg,6
train_36_24.jpg,6
train_36_25.jpg,6
train_36_27.jpg,6
train_36_31.jpg,6
train_37_0.jpg,6
train_37_1.jpg,6
train_37_6.jpg,6
train_37_13.jpg,6
train_37_24.jpg,6
train_37_34.jpg,6
train_37_35.jpg,6
train_38_1.jpg,6
train_38_2.jpg,6
train_38_4.jpg,6
train_38_6.jpg,6
train_38_15.jpg,6
train_38_16.jpg,6
train_38_37.jpg,6
train_39_1.jpg,6
train_39_2.jpg,6
train_39_3.jpg,6
train_39_5.jpg,6
train_39_9.jpg,6
train_39_21.jpg,6
train_39_36.jpg,6
train_40_0.jpg,6
train_40_6.jpg,6
train_40_9.jpg,6
train_40_21.jpg,6
train_40_28.jpg,6
train_40_34.jpg,6
train_40_36.jpg,6
train_1_3.jpg,7
train_2_6.jpg,7
train_3_12.jpg,7
train_4_0.jpg,7
train_5_5.jpg,7
train_6_12.jpg,7
train_7_2.jpg,7
train_8_3.jpg,7
train_9_1.jpg,7
train_10_12.jpg,7
train_11_19.jpg,7
train_12_2.jpg,7
train_13_5.jpg,7
train_14_11.jpg,7
train_15_5.jpg,7
train_15_6.jpg,7
train_15_9.jpg,7
train_16_0.jpg,7
train_16_4.jpg,7
train_16_6.jpg,7
train_17_0.jpg,7
train_17_5.jpg,7
train_17_8.jpg,7
train_18_2.jpg,7
train_18_6.jpg,7
train_18_9.jpg,7
train_19_1.jpg,7
train_19_2.jpg,7
train_19_3.jpg,7
train_24_9.jpg,7
train_26_5.jpg,7
train_27_5.jpg,7
train_28_16.jpg,7
train_29_0.jpg,7
train_30_0.jpg,7
train_31_12.jpg,7
train_32_11.jpg,7
train_33_8.jpg,7
train_34_6.jpg,7
train_35_1.jpg,7
train_36_1.jpg,7
train_37_3.jpg,7
train_38_5.jpg,7
train_39_6.jpg,7
train_40_3.jpg,7